Date,Text,Link,Summarized_Data,Sentiment
2024-09-19,"Hezbollah leader says exploding device attacks crossed 'all red lines' Hassan Nasrallah calls the killing of 37 people by exploding pagers and radios an ""unprecedented blow"".",https://www.bbc.com/news/articles/c79n1v4d203o,"– Hezbollah’s leader has said bomb attacks using thousands of the Lebanese armed group's pagers and radios ""crossed all red lines"", and accused Israel of what he said represented a declaration of war.In a much-anticipated speech, Hassan Nasrallah acknowledged Hezbollah had suffered an “unprecedented blow,” but he vowed it would continue fighting and inflict a “just punishment.”Israel has not said it was behind the blasts on Tuesday and Wednesday, which Lebanese authorities said killed 37 people and wounded 3,000.As Nasrallah spoke, Israeli warplanes caused sonic booms over Beirut, scaring an already-exhausted population, and others struck targets in southern Lebanon.The Israeli military said it was operating to “degrade Hezbollah’s terrorist capabilities and infrastructure” and to “bring security to northern Israel.”The enemy crossed all rules, laws and red lines.It didn't care about anything at all, not morally, not humanely, not legally.This is massacre, a major aggression against Lebanon, its people, its resistance, its sovereignty, and its security.It can be called war crimes or a declaration of war - whatever you choose to name it, it is deserving and fits the description.",Negative
2024-09-20,"Israel says it killed senior Hezbollah figures in strike on Beirut Lebanon's health ministry says nine people were killed and dozens injured in the strike, as cross-border exchanges escalate.",https://www.bbc.com/news/live/cwyl9048gx8t,"– Israel Conducts Deadly Strike On Beirut BBC News Nine people have been killed and dozens injured after the Israeli military said it carried out a ""targeted strike"" on the Lebanese capital Beirut Israel says it has killed Hezbollah's operations commander, Ibrahim Aqil, in the attack - as well as other senior members of the group's elite Radwan unit It is the third strike by Israel on Beirut this year The air strike comes amid the latest cross-border exchange of fire, with Hezbollah launching more than 100 rockets into Israel today Earlier this week, 30 people were killed in a series of exploding device attacks on Hezbollah members, which were widely blamed on Israel Hassan Nasrallah, the Iran-backed group's leader, vowed to inflict retribution in a speech on Thursday Edited by Adam Durbin, with Hugo Bachega, Carine Torbey and Nafiseh Kohnavard reporting from Beirut",Negative
2024-09-20,"Hezbollah device explosions: The unanswered questions The sabotage of thousands of pagers and walkie-talkies has raised many who, what and whys.",https://www.bbc.com/news/articles/c0e1wpr0q44o,"– After thousands of pagers and radio devices exploded in two separate incidents in Lebanon— injuring thousands of people and killing at least 37— details are still being pieced together as to how such an operation was carried out.The BBC has followed a trail from Taiwan, to Japan, Hungary, Israel and back to Lebanon.What we know about firm linked to Lebanon pagers The origins of the radio devices, which exploded in the second wave of attacks, are less clear.We know that at least some of those that exploded were the IC-V82 model produced by the Japanese company, ICOM.Those devices were purchased by Hezbollah five months ago, according to a security source speaking to Reuters news agency.Instead, a sales executive at the US subsidiary of Icom told the AP news agency that the exploded radio devices in Lebanon appeared to be knockoff products that were not made by the company— adding that it was easy to find counterfeit versions online.What is really behind BAC Consulting?The New York Times has reported that the company was in fact a front for Israeli intelligence.The BBC has not been able to independently verify these reports—but we do know that Bulgarian authorities have now begun investigating another company linked to BAC. BAC's website listed one person as its chief executive and founder— Cristiana Brsony-Arcidiacono, but were unable to reach her.So who is really behind BAC Consulting?The New York Times has reported that the company was in fact a front for Israeli intelligence.What we know about the Taiwanese electronics manufacturer: Gold Apollo.Mr Hsu said that three years ago he had licensed Gold Apollo's trademark to BAC, allowing them to use Gold Apollo's name on their own pagers.He said the money transfers from BAC had been ""very strange""—and that there had been problems with the payments, which had come from the Middle East.",Negative
2024-09-20,"Woman flees after running man over with his own Porsche She posed as a potential buyer for the car, in Mississauga, Canada, before hitting the owner and fleeing.",https://www.bbc.com/news/videos/cd98x9lz272o,"– Police in Canada have appealed for help to find a woman who posed as a potential buyer for a car before hitting the owner and fleeing. The incident took place earlier in September when a man showed a woman his Porsche that he had advertised for sale in Mississauga. Police released the doorbell footage, which also showed a second car police believe was involved in the incident. Donald Trump says he is ""safe and well"" after a suspect was arrested following what authorities have called an apparent assassination attempt. Palm Beach County Sheriff Ric Bradshaw told reporters that a Secret Service agent had spotted an AK-47-style weapon poking out of the bushes.",Negative
2024-09-20,"Israel investigates after its soldiers filmed throwing bodies off roof The IDF says the incident does not ""conform"" to its values, while Palestinian officials say it is a ""crime"".",https://www.bbc.com/news/articles/cn8jg0x5xg8o,"– Israel's military has launched an investigation after its soldiers were filmed throwing the bodies of three dead Palestinians off a rooftop during a raid in the occupied West Bank. footage of the incident, filmed in the northern town of Qabatiya, near Jenin, then appears to show an Israeli military bulldozer picking up and removing the bodies.The images have sparked widespread outrage. The Israel Defense Forces (IDF) said on Friday that it was ""a serious incident"" that did not ""conform"" to its values and what was expected of its forces.Asked about the incident shown in the footage, the IDF said: ""This is a serious incident that does not conform with [our] values and the expectations from IDF soldiers. The incident is under review.""The military said that one of those killed in Qabatiya was Shadi Zakarneh, who it identified as being ""responsible for directing and carrying out attacks in the northern West Bank area.""The Palestinian Ministry of Foreign Affairs and Expatriates, in the West Bank, described the incident on X, formerly known as Twitter, as a ""crime"" which exposed the ""brutality"" of the Israeli army.White House national security spokesperson John Kirby described the footage as ""deeply disturbing"".""If it's proven to be authentic, it clearly would depict abhorrent and egregious behavior by professional soldiers,"" he told reporters.",Negative
2024-09-20,"First in-person votes cast in US presidential election Virginia is the first state to allow early in-person voting, a milestone moment six weeks before election day.",https://www.bbc.com/news/articles/cd0ze01r2zdo,"– The first in-person votes have been cast in the US presidential race between Donald Trump and Kamala Harris, a milestone moment that comes six weeks before election day on 5 November.Virginia became the first state in the country to allow in-person voting on Friday, and early polling sites will remain open there until 2 November. Some long queues were seen as voters cast ballots on national, state, and local levels.The situation in two other states, Minnesota and South Dakota, is different as voters there can only hand in absentee ballots in person instead of mailing them.“Why not try to be first? That’s kind of fun, right?” one voter in Minnesota, Jason Miller, told the AP.Ten states are asking voters to decide whether they want to enshrine abortion access in their states' constitutions, voters in West Virginia will be asked vote on whether or not medically assisted suicide should be prohibited, and voters in three states will be asked whether recreational marijuana usage for adults should be legal.",Positive
2024-09-20,"Russia’s war dead tops 70,000 as volunteers face 'meat grinder' More than 70,000 Russian soldiers have died in Ukraine - volunteers now make up the highest number of deaths.",https://www.bbc.com/news/articles/cjr3255gpjgo,"– More than 70,000 people fighting in Russia's military have now died in Ukraine, according to data analysed by the BBC.And for the first time, volunteers— civilians who joined the armed forces after the start of the war—now make up the highest number of people killed on the battlefield since Russia's full-scale invasion began in 2022.Every day, the names of those killed in Ukraine, their obituaries and photographs from their funerals are published across Russia in the media and on social networks.BBC Russian and the independent website Mediazona have collated these names, along with names from other open sources, including official reports. Mobilised soldiers—citizens called up to fight—account for 13%.Since October last year, weekly fatalities of volunteers have not dipped below 100—and, in some weeks, we have recorded more than 310 volunteer deaths.The Russian government's actions suggests it is keen to avoid forcing people to fight through a new, official wave of mobilisation—instead, it is ramping up calls for service volunteers, along with the incentives to do so.The story of Rinat Khusniyarov is typical of many of the volunteer soldiers who died.He was 62 years old when he signed his contract with the Russian army in November last year.He survived less than three months of fighting and was killed on 27 February.",Negative
2024-09-20,Harris says anyone breaking into her home is 'getting shot' The Democratic presidential nominee has discussed her gun ownership in a jokey exchange with Oprah Winfrey.,https://www.bbc.com/news/articles/cn4yxe2xxzdo,"– If somebody breaks into my house, they're getting shot,"" she said in a jokey exchange during a livestreamed event in Michigan with host Oprah Winfrey on Thursday.Harris, who highlighted during the recent presidential debate that she was a gun-owner, went on to reiterate that she supported a ban on assault weapons. Asked by Winfrey to confirm if she had been a gun owner for ""a while"" herself, Harris replied that she had.Harris's opponents have increasingly pointed to Harris's attitude on guns as being indicative of her shifting policy positions ahead of the November election.While she stressed her support for an assault weapons ban on Thursday, last week's ABC News debate moderator noted that the Democrat no longer supported a ""buyback"" program that would force gun owners to hand over their AR-15s and other assault-style weapons to the government.Buyback proposals gained steam during the 2020 Democratic presidential primary race, with Harris voicing her support at the time.Harris also outlined her stance at a recent rally in North Carolina, saying: ""We who believe in the freedom to live safe from gun violence will finally pass an assault weapons ban, universal background checks and red-flag laws.""Harris's opponents have increasingly pointed to Harris's attitude on guns as being indicative of her shifting policy positions ahead of the November election.",Negative
2024-09-20,"'It was clear it was dangerous,' OceanGate mission specialist tells Titan inquiry Fred Hagen, who was a paying passenger on Titan, lists a number of incidents involving the experimental sub during previous dives.",https://www.bbc.com/news/live/cvglmn4engkt,"– Fred Hagen, from Pennsylvania, was on Titan in 2022 and had several friends aboard the sub when it imploded in June last year. ""It's this iconic moment, and you've dreamt about it, and suddenly it's there, and you've achieved this dream,"" Hagen told local media about his experience. Dyer told the US Coast Guard inquiry that he originally thought the sub could be viable later Patrick Lahey, the co-founder and CEO of Triton submersibles which is a leading manufacturer of deep sea crafts, will testify next This video can not be played New Titan footage shows wreckage of destroyed hull on sea floor Edited by Marita Moloney There's another short break in the hearing.",Negative
2024-09-20,Microsoft chooses infamous nuclear site for AI power,https://www.bbc.com/news/articles/cx25v2d7zexo,"– America's Three Mile Island energy plant, the site of the worst nuclear accident in US history, is preparing to reopen as Microsoft looks for ways to satisfy its growing energy needs. The tech giant said it had signed a 20-year deal to purchase power from the Pennsylvania plant, which would reopen in 2028 after improvements.The agreement is intended to provide the company with a clean source of energy as power-hungry data centers for artificial intelligence (AI) expand.The plan will now go to regulators for approval. The owner of the plant, Constellation Energy, said the reactor it planned to restart was next to, but ""fully independent"" of, the unit that had been involved in the 1979 accident.It caused no injuries or deaths but provoked widespread fear and mistrust among the US public, discouraging the development of nuclear power in the US for decades.However, there is renewed interest in nuclear as concerns about climate change grow - and companies need more energy due to advances in artificial intelligence. Constellation chief executive Joe Dominguez told analysts on Friday that the deal was a ""powerful symbol of the rebirth of nuclear power as a clean and reliable energy resource.""Before it was prematurely shuttered due to poor economics, this plant was among the safest and most reliable nuclear plants on the grid, and we look forward to bringing it back with a new name and a renewed mission.""",Positive
2024-09-20,China spent millions on this new trade route - then a war got in the way,https://www.bbc.com/news/articles/czjyj2rd1zpo,"– ""One village, two countries"" used to be the tagline for Yinjing on China's south-western edge.An old tourist sign boasts of a border with Myanmar made of just ""bamboo fences, ditches and earth ridges"" - a sign of the easy economic relationship Beijing had sought to build with its neighbor.Now the border the BBC visited is marked by a high, metal fence running through the county of Ruili in Yunnan province.China's tough pandemic lockdowns forced the separation initially.But it has since been cemented by the intractable civil war in Myanmar, triggered by a bloody coup in 2021.The military regime is now fighting for control in large swathes of the country, including Shan State along China's border, where it has suffered some of its biggest losses.China's ambitious plan aims to connect China's landlocked south-west to the Indian Ocean via Myanmar.But the corridor has become a battleground between Myanmar rebels and the country's army.China's tough pandemic lockdowns forced the separation initially.But it has since been cemented by the intractable civil war in Myanmar, triggered by a bloody coup in 2021.The men live and work on the few square kilometers of the government-run compound in Ruili.He also escaped compulsory conscription, which the Myanmar army has been enforcing to make up for defections and battlefield losses.As the sky turned scarlet one evening, Zin Aung ran barefoot through the cloying mud onto a monsoon-soaked pitch, ready for a different kind of battle.""There is nothing for us to do in Myanmar because of the war,"" Zin Aung says.China's tough pandemic lockdowns forced the separation initially.But the ceasefire it brokered in January fell apart.",Negative
2024-09-21,"Top Hezbollah commander killed in Israeli strike on Beirut The strike in Lebanon's capital, which killed at least 14 people, adds to fears of an all-out war.",https://www.bbc.com/news/articles/c5y9wyy9pr2o,"– A top Hezbollah military commander was killed in an Israeli air strike on the Lebanese capital Beirut on Friday, in a major escalation that has added to fears of an all-out war.Hezbollah confirmed Ibrahim Aqil's death after Israel said he was one of several senior Hezbollah figures killed in the strike.Earlier, Lebanese officials said at least 14 people were killed and dozens injured in the strike that hit the densely populated Dahieh area, a stronghold of the Iran-backed group in the city's southern suburbs.Israel recently added the return of people displaced from the north of the country to its list of war goals, and Defense Minister Yoav Gallant said on Thursday that his country is entering a ""new phase of the war"", concentrating more of its efforts on the north. Friday's strike was the first to hit Beirut since July, when Hezbollah's military chief Fuad Shukr was killed.In a statement, Israel Defense Forces (IDF) spokesman Daniel Hagari said Aqil, a senior commander in Hezbollah's elite Radwan forces, was killed alongside senior operatives in the group's operations staff and other Radwan commanders.Hagari said they ""were gathered underground under a residential building in the heart of the Dahiyah neighborhood [in southern Beirut], hiding among Lebanese civilians, using them as human shields.""The IDF spokesman added that the individuals killed were ""planning Hezbollah's 'Conquer the Galilee' attack plan, in which Hezbollah intended to infiltrate Israeli communities and murder innocent civilians.""The plan was first reported by the Israeli military in 2018, when the IDF said it was blocking tunnels dug by Hezbollah to penetrate Israeli territory and kidnap and murder civilians.",Negative
2024-09-21,Michigan Arab-Americans 'can't stomach' Harris stance on Gaza Arab-American voters in swing states like Michigan could decide who wins the US presidential election,https://www.bbc.com/news/articles/c8xejx07exro,"– Joe Biden won Michigan with a margin of just 2.78%.This time around, Ms Hamade is voting for Green Party candidate Jill Stein.She is not alone.An August poll from the Council on American-Islamic Relations indicates that in Michigan, 40% of Muslim voters back Stein, 18% preferred Republican Donald Trump—and only 12% supported Harris—suggesting a significant shift from past strong support for Democrats.Because they are in Michigan—a key Midwestern swing state that Joe Biden won by fewer than three points in 2020—Dearborn voters, like those who frequent the Sahara Restaurant, could decide Kamala Harris's political future.The Uncommitted Movement—which is made up of traditionally Democratic members—said it could not endorse Harris because of her ""unwillingness to shift on unconditional weapons policy or to even make a clear campaign statement in support of upholding existing US and international human rights law.""We are good Americas, we are good tax-paying, law-abiding citizens, but our money is being funnelled overseas and killing people that are actually physically related to us,"" said Dr Mona Mawari, a pharmacist and a community organizer who worked on the uncommitted campaign, told the BBC she is still struggling to decide how to vote in November—a really hard decision.""It's baffling to me as an American, to now see the direction that the party is going, it's disheartening,"" she said.Harris has said she is aligned with Biden on US support for Israel though she has spoken more about the scale of the human suffering in Gaza.The community says it has sought meetings with the White House and asked the vice-president to outline how her approach to Israel might differ from Biden's feelings.",Positive
2024-09-21,"US soldier who fled to North Korea sentenced for desertion With time already served, Travis King was released by the military court, his legal team days",https://www.bbc.com/news/articles/cqlv576d016o,"– Travis King told military judge Lt Col Rick Mathew that he had decided to flee the US Army because he was ""dissatisfied"" with work and had been thinking about leaving for about a year before he bolted into North Korea.“I wanted to desert from the US Army and never come back,” King said, according to reporters inside the courtroom.He also said he had been diagnosed with mental health conditions, though he maintained he was fit to stand trial and understood the charges.King's lawyer, Franklin Rosenblatt, said in a statement that his client accepts full responsibility for what happened and added that King ""faced significant challenges in his life, including a difficult upbringing, exposure to criminal environments, and struggles with mental health"".""All these factors have compounded the hardships he faced in the military,"" Mr Rosenblatt said.King joined the army in January 2021 and was in South Korea as part of a unit rotation when he crossed into North Korea.At the hearing, King told military judge Lt Col Rick Mathew that he had decided to flee the US Army because he was ""dissatisfied"" with work and had been thinking about leaving for about a year before he bolted into North Korea.He joined the civilian tour after he was released from a South Korean prison where he had served nearly two months on charges that he assaulted two people and kicked a police car.After his release, he was taken to the airport so he could return to the Fort Bliss base to face disciplinary action. But instead of getting on the plane, King joined the civilian tour and ultimately bolted into North Korea, where he was detained by local authorities. He became the first American to be detained in North Korea in nearly five years. King's lawyer, Franklin Rosenblatt, said in a statement that his client accepts full responsibility for what happened and added that despite his client walking away free on Friday, ""the negative public perception"" and the time King has spent in custody ""represents an ongoing punishment that he will endure for the rest of his life.",Negative
2024-09-21,Sri Lanka votes in first election since protests ousted president The cost of living is at the front of many voters' minds in what is expected to be a close race.,https://www.bbc.com/news/articles/ce3w2qkx1xlo,"– Sri Lankans are voting for a new president in the first election since mass protests sparked by the country's worst-ever economic crisis unseated the leader in 2022. Saturday's vote is widely regarded as a referendum on economic reforms meant to put the country on the road to recovery. Multiple analysts predict that economic concerns will be front of mind for voters in what is shaping up to be a close race.Other than Wickremesinghe and Dissanayake, there is also the leader of the opposition, Sajith Premadasa, and the 38-year-old nephew of the ousted president, Namal Rajapaksa. President Ranil Wickremesinghe, who was charged with the monumental task of leading Sri Lanka out of its economic collapse, is seeking another term.",Negative
2024-09-21,Key takeaways from first week of Titan sub hearings The hearings have included new video and insights from those who worked on the Titan that day,https://www.bbc.com/news/articles/c3e9300128eo,"– The US Coast Guard has heard a week's worth of testimony from people close to the Titan submersible that imploded last June, killing all five aboard. Here are five takeaways from the first of the two-week set of hearings: Investigators with the US Coast Guard revealed one of the crew's final messages before it lost contact with a ship above water: ""All good here."" The hearing revealed other text messages between Titan and its mother ship as the deep-sea vessel began its trek to the sea floor to see the iconic British ocean liner that sank in 1912.Mr Lochridge testified to US Coast Guard investigators that he warned of potential safety issues before he was fired in 2018.Mr Lochridge said he believed the deadly incident with the Titan was ""inevitable"" as the company ""bypassed"" standard rules.Mr Lahey's company manufactures submersibles that descend to the deepest points of the ocean.Mr Lahey toured the Titan sub that later imploded while on vacation in the Bahamas and said he ""wasn't particularly impressed"" by what he saw.Mr Lahey added that the vessel did not seem ""particular well thought out"".""It just looked amateur-ish in its execution,"" he said.Mr Lochridge told US Coast Guard investigators the ""whole idea"" of OceanGate was ""to make money"".""It looked to me like a lot of the stuff was not quite ready for primetime,"" he added, saying he expressed his concerns to OceanGate.Mr Lahey's company manufactures submersibles that descend to the deepest points of the ocean.",Negative
2024-09-21,Secret Service admits 'complacency' before Trump rally shooting The agency's director cites a failure to secure the building the shooter fired from among a litany of security breakdowns.,https://www.bbc.com/news/articles/c870dx37y2qo,"– A US Secret Service internal review has identified poor planning and a communication breakdown among a litany of security failures on the day of the attempted assassination of Donald Trump two months ago.Secret Service acting Director Ronald Rowe said the interim report suggested ""complacency"" by some of its agents.He said the use of different radio frequencies by police and Secret Service meant Trump's protection team were unaware a suspicious person had been identified at the Butler, Pennsylvania, rally.Mr Rowe described a ""lack of follow-through"" on access control to the building and the rooftop.He added that line-of-sight issues involving the building were acknowledged, but were not mitigated or escalated to supervisors.The acting director said the Secret Service cannot ""defer our responsibilities to others"" as the agency moves to an accountability phase of its review.“This was a failure on the part of the United States Secret Service,"" Mr Rowe said.""It’s important that we hold ourselves accountable for the failures of July 13, and that we use the lessons learned to make sure that we do not have another failure like this again."" The agency says disciplinary actions will be taken for agents involved.The acting director spoke of a heightened threat environment following the second apparent assassination attempt involving Trump on Sunday in Florida.He said the agency needed a ""paradigm shift.""",Negative
2024-09-21,Republicans absorb a political shockwave in must-win North Carolina Scandalous claims about a Trump-endorsed candidate for governor generate turbulence on the campaign trial.,https://www.bbc.com/news/articles/cx2kqqzx75wo,"– The furniture maker-turned-politician, who is running to be the state's first black governor, had called himself a ""black Nazi"" on a porn website more than a decade ago, according to a report by CNN.Robinson, who identifies as an evangelical Christian, branded the report ""tabloid lies.""But when the news finally did break, it barely caused a stir, at least not among this polite gathering of women in Johnston County.There are fears among some Republicans that Robinson could be a political albatross, causing their voters to stay home, or driving Democratic turnout.North Carolina has remained ""stubbornly Republican,"" said Greene.But the state's growing urban centres have tilted the political scales towards Democrats, who hope this is the year they can turn North Carolina blue.Trump had previously offered a glowing endorsement of Robinson, calling him ""Martin Luther King on steroids.""",Positive
2024-09-21,"NY police officer pulls man from 20-storey window ledge The man in distress was barely holding on when emergency services arrived, according to police.",https://www.bbc.com/news/videos/cgey71qrg3eo,"– The BBC's Sarah Smith breaks down how Kamala Harris's jabs might have taken Trump by surprise. The pair had a feisty first meeting, sharing personal insults and criticisms over policy. The empty spacecraft completed a six-hour flight to the New Mexico's White Sands Space Harbor. The 13 US service members were killed in a suicide bombing at Kabul airport, as the Taliban took control of Afghanistan.",Negative
2024-09-21,Microsoft chooses infamous nuclear site for AI power,https://www.bbc.com/news/articles/cx25v2d7zexo,"– America's Three Mile Island energy plant, the site of the worst nuclear accident in US history, is preparing to reopen as Microsoft looks for ways to satisfy its growing energy needs. The tech giant said it had signed a 20-year deal to purchase power from the Pennsylvania plant, which would reopen in 2028 after improvements.The agreement is intended to provide the company with a clean source of energy as power-hungry data centers for artificial intelligence (AI) expand.The plan will now go to regulators for approval. The owner of the plant, Constellation Energy, said the reactor it planned to restart was next to, but ""fully independent"" of, the unit that had been involved in the 1979 accident.It caused no injuries or deaths but provoked widespread fear and mistrust among the US public, discouraging the development of nuclear power in the US for decades.However, there is renewed interest in nuclear as concerns about climate change grow - and companies need more energy due to advances in artificial intelligence. Constellation chief executive Joe Dominguez told analysts on Friday that the deal was a ""powerful symbol of the rebirth of nuclear power as a clean and reliable energy resource.""Before it was prematurely shuttered due to poor economics, this plant was among the safest and most reliable nuclear plants on the grid, and we look forward to bringing it back with a new name and a renewed mission.""",Positive
2024-09-21,Watch: Burning Canadian bridge collapses into river,https://www.bbc.com/news/videos/cgq80233q1go,"– An 88-year-old bridge connecting the Canadian city of Edinburgh to the Tk'emlps Indian Band Reserve collapsed Thursday. Local authorities have described fire as ""suspicious"" in a statement that the loss of the bridge brought ""many emotions critical conversations and new challenges."" The man in distress was barely holding on when emergency services arrived, according to police.",Negative
2024-09-22,Israel limits gatherings in north as attacks target Hezbollah Israel says the move is needed because it expects the Iran-backed Lebanese group to escalate rocket attacks.,https://www.bbc.com/news/articles/c4gd393llg7o,"– Israel has launched air strikes in Lebanon and is restricting gatherings in the city of Haifa and other northern areas as it continues to attack targets linked to Hezbollah.Dozens of fighter jets started ""extensively"" striking southern Lebanon ""following detection of Hezbollah preparing to fire toward Israeli territory"", Israel Defense Forces (IDF) spokesman Rear Adm Daniel Hagari said.The latest Israeli offensive comes a day after it carried out an air strike in Beirut, which the IDF said killed a dozen senior Hezbollah commanders.The US Embassy in Beirut urged people to ""depart Lebanon while commercial options still remain available"", noting they were already running at ""reduced capacity.""The IDF said earlier it had destroyed ""about 180 sites and thousands of [rocket] launcher barrels"" with strikes.On Saturday, the IDF announced new restrictions on communities in northern Israel and parts of the southern Golan Heights starting at 20:30 local time (17:30 GMT).The IDF limited gatherings to 30 participants in an open area and 300 participants in a closed space.As fears increase that the conflict may break out into a full-scale war, the US State Department issued new travel advice for citizens currently in Lebanon.",Negative
2024-09-22,"Israel orders 45-day closure of Al Jazeera West Bank office The network, which Israel has called a threat to its security, broadcast the operation live.",https://www.bbc.com/news/articles/c8rd5z17px4o,"– Israeli forces have raided the offices of news broadcaster Al Jazeera in Ramallah, in the occupied West Bank, and ordered it to close for an initial period of 45 days.Armed and masked Israeli soldiers entered the building early on Sunday during a live broadcast.Viewers watched as the troops handed the closure order to the network's West Bank bureau chief Walid al-Omari who read it out live on air.Israel raided Al Jazeera's offices in Nazareth and occupied East Jerusalem in May having described the Qatar-based broadcaster as a threat to national security.The soldiers confiscated the last microphone and camera off the street outside and forced Omari out of the office, Al Jazeera journalist Mohammad Alsaafin said.Posting about the raid on social media, Alsaafin said the troops also pulled down a poster of Shireen Abu Aqla—an Al Jazeera reporter who was killed while covering a raid by Israeli forces in the West Bank.Israel has repeatedly branded the network a terrorist mouthpiece, an accusation Al Jazeera has denied.In April, the Israeli parliament passed a law giving the government power to temporarily close foreign broadcasters considered a threat to national security during the war.A ban would be in place for a period of 45 days at a time, as seen in Sunday's raid, and can be renewed.",Negative
2024-09-22,"Macron unveils new right-wing French government The new cabinet pulls in allies from the centre and right, despite left-wing parties winning France's election.",https://www.bbc.com/news/articles/c8rd52zl018o,"– French President Emmanuel Macron has unveiled his new government almost three months after a snap general election delivered a hung parliament.The long-awaited new line up, led by Prime Minister Michel Barnier, marks a decisive shift to the right, even though a left-wing alliance won most parliamentary seats.Despite the partnership between Macron's centrist party and those on the right, parliament remains fractured and will rely on the support of other parties to pass legislation.It comes as the European Union puts France on notice over its spiralling debt, which now far exceeds EU rules.On Saturday, before the cabinet announcement, thousands of left-wing supporters demonstrated in Paris against the incoming government, arguing that the left's performance in the election was not taken into consideration.The alliance between centrist and conservative parties in the cabinet is not enough to pass legislation on its own.It will depend on others, such as Marine Le Pen's far right National Rally to stay in power and get bills into law.",Positive
2024-09-22,"MrBeast is called the internet's nicest man - now he faces 54-page lawsuit It’s been another busy week for Jimmy Donaldson, in what is becoming a bit of a theme for the world’s biggest YouTuber.",https://www.bbc.com/news/articles/ckgn8d04kdko,"– MrBeast is no stranger to controversy this year—and has managed to come out unscathed each time.But a 54-page court document could be his toughest test yet.Five female contestants on upcoming Prime Video show Beast Games are launching legal action against his production company MrB2024 and Amazon in Los Angeles.Billed as the largest ever reality competition series, 1,000 contestants are set to compete for a $5m (£3.7m) prize when the show airs—or if it airs.The lawsuit has plunged the show into crisis.MrBeast is no stranger to controversy this year—and has managed to come out unscathed each time.In July, the 26-year-old American said he had hired investigators after his former co-host Ava Kris Tyson was accused of grooming a teenager.MrBeast said he was ""disgusted"" by the ""serious allegations.""The day before the lawsuit emerged on Wednesday, he revealed a team-up with fellow famous faces KSI and Logan Paul—a new food line designed to challenge Lunchables.MrBeast said he was ""disgusted"" by the ""serious allegations.""In one section where almost all of the claims are redacted from public view, it says the defendants ""created, permitted to exist, and fostered a culture and pattern and practice of sexual harassment including in the form of a hostile work environment.""MrBeast is no stranger to controversy this year—and has managed to come out unscathed each time.",Negative
2024-09-22,How Punjabi megastar Diljit Dosanjh is inspiring the next gen The biggest Punjabi singer in the world brings his Dil-Luminati tour to the UK.,https://www.bbc.com/news/articles/cwy9gln6lz6o,"– ""He's shown how important it is to keep in touch with your culture,"" says Vaibhav, a British Punjabi vocalist.""And that is so important because when us as the younger generation look at that, and see what he's done... it says to us we can be a part of that.""In our music or the way we portrays him, it makes us look up and say 'we can make it'.""The contr-oversty and the model of Diljit Dosanjh an inspiration for a young artist like her.""He has maintained his morals, his ethics for a young artist like her,"" she says.'It doesn't feel like you're in a foreign country,"" she says.'He has worked with Western artists, but maintained that cultural aspect,"" she says.'It feels like he's doing it for us.'",Positive
2024-09-22,"What insults tell us about the Trump-Harris election fight As both campaigns make claims about inflammatory rhetoric, what do the candidates themselves say about their rival?",https://www.bbc.com/news/articles/cx20np62x88o,"– The tone of the 2024 presidential race is in the spotlight after Republican nominee Donald Trump was targeted in what the FBI called another apparent assassination attempt.He and his running mate, JD Vance, have blamed their Democratic opponents for what they characterize as their inflammatory language. The Guardian has nine quotes from interviews, speeches, and campaign events this year that help illustrate how the political messages on both sides have—and have not—shifted over time.",Negative
2024-09-22,"Trump rejects second TV debate as 'too late' Kamala Harris had ""gladly"" accepted CNN's invitation to debate two weeks before the presidential election.",https://www.bbc.com/news/articles/cwyejk91d2qo,"– Vice-President Kamala Harris, the Democratic Party's candidate, accepted an invitation to the CNN debate on 23 October, Republican nominee Trump told a rally it was ""too late"" as voting has already started.Trump's campaign team said that given the former president claimed to have won their previous debate in Philadelphia earlier this month he should accept.Debates offer a unique chance for voters to see the candidates side by side and take stock of their competing visions for America.""It would be unprecedented in modern history for there to just be one general election debate,"" she said.Trump's campaign stop in North Carolina comes after the Republican candidate he endorsed for governor, Mark Robinson, reportedly made controversial comments on a porn website more than a decade ago.Trump's campaign stop in North Carolina comes after the Republican candidate he endorsed for governor, Mark Robinson, reportedly made controversial comments on a porn website more than a decade ago.Harris holds a slight lead over Trump in national polling averages, and North Carolina could be crucial for his hopes to return to the White House.Trump's campaign stop in North Carolina comes after the Republican candidate he endorsed for governor, Mark Robinson, reportedly made controversial comments on a porn website more than a decade ago.Trump supporter Steve Castellano added that he thought the moderators were ""a little biased"" at the last debate.Harris's campaign team said that given the former president claimed to have won their previous debate in Philadelphia earlier this month he should accept.It would be unprecedented in modern history for there to just be one general election debate.",Positive
2024-09-22,Watch: Huge explosion at Russia arms depot Footage shot from the road shows a massive blast and huge plume of smoke in Tikhoretsk.,https://www.bbc.com/news/videos/cwy9pkrpyjdo,"– The governor of the Krasnodar region confirmed it came under Ukrainian drone attack on Friday night. He said debris from a drone had sparked a fire, which “spread to explosive objects” and caused detonations. At least seven people die after wildfires in the Aveiro and Viseu areas of Portugal. Emergency services have been deployed to rescue and evacuate residents stranded by floods.",Negative
2024-09-22,Dissident in prisoner swap vows to return to Russia,https://www.bbc.com/news/articles/c3wp87gpdj1o,"– A dissident freed by Russia in the biggest prisoner swap since the Cold War has vowed to return to the country one day.Vladimir Kara-Murza told the BBC he initially thought he was being ""led out to be executed"" when prison officers came in the night to fetch him from Siberia last month.But in his first joint interview with his wife Evgenia in Europe since they reunited, he defiantly reveals on Sunday with Laura Kuenssberg that he plans to return to Russia.When our plane was taking off from Vnukovo airport in Moscow en route to Ankara on 1 August, the FSB [Russian Federal Security Service] officer who was my personal escort sitting next to me turned to me and said, 'Look out the window, this is the last time you're seeing your motherland'.And I just laughed in his face, and I said, 'Look, man, I am a historian, I don't just think, I don't just believe, I know that I'll be back home in Russia, and it's going to happen much sooner than you can imagine'.""Mr Kara-Murza, one of the Kremlin's most vocal critics, was held in solitary confinement in a high security jail after receiving a 25-year sentence in April 2023 on charges of high treason.Having survived two assassination attempts and now this prison sentence, including eleven months in solitary confinement in horrendous conditions, he's yet again alive and relatively healthy with us,"" she said.",Negative
2024-09-22,Watch: Hundreds of paratroopers leap to mark daring WW2 offensive,https://www.bbc.com/news/videos/cqlvd41pnk7o,"– In an airborne spectacular, 700 paratroopers from eight Nato nations—including the Netherlands, Germany, the UK and the US— parachuted from 12 aircraft. The jump was done in two waves, and those involved landed at the same location at Ginkel Heath, near the Dutch town of Ede. Among them were members of the parachute display team, the British Red Devils. The airdrop is one of several events organized to mark the anniversary of Operation Market Garden, an ambitious military offensive designed to speed up the invasion of Nazi Germany and shorten the war in Europe. The BBC has verified the footage, which was shared on social media by someone who was later detained.",Negative
2024-09-23,Left-leaning leader wins Sri Lanka election in political paradigm shift Anura Kumara Dissanayake beat his rivals after a historic second round of vote counting.,https://www.bbc.com/news/articles/clyznjz3d78o,"– Left-leaning politician Anura Kumara Dissanayake has won Sri Lanka's presidential election after a historic second round of counting.No candidate won more than 50% of the total votes in the first round, where Dissanayake got 42.31% while his closest rival, opposition leader Sulasith Premadasa, got 32.76%.But Dissanayake, who promised voters good governance and tough anti-corruption measures, emerged as winner after the second count, which tallied voters' second and third choice candidates.The election on Saturday was the first to be held since mass protests unseated the country's leader, Gotabaya Rajapaksa, in 2022 after Sri Lanka suffered its worst economic crisis. Dissanayake, 55, told Sri Lankans ""this victory belongs to us all"", in a message on the social media platform X.Once preferences had been tallied, the Election Commission said he had won a total of 5,740,179 votes to Premadasa's 4,530,902.",Positive
2024-09-23,Who is Sri Lanka’s new president Anura Kumara Dissanayake? The former Marxist is considered a disruptor to the old discredited political order.,https://www.bbc.com/news/articles/c206l7pz5v1o,"– Left-leaning politician Anura Kumara Dissanayake has been elected as Sri Lanka's next president after he won the debt-ridden country's first election since its economy collapsed in 2022.The 55-year-old beat off his nearest rival, opposition leader Sajith Premadasa, to emerge as the clear winner after a historic second round of counting, which included second-preference votes. Outgoing president Ranil Wikremesinghe trailed in third.It's a remarkable turnaround for a man who won just 3% of the votes in the 2019 election. Dissanayake, who contested as candidate for the National People's Power ( NPP) alliance, has drawn increasing support in recent years for his anti-corruption platform and pro-poor policies—particularly in the wake of the country's worst ever economic crisis, which is still having an impact on millions. Dissanayake, who was elected to the JVP's central committee in 1997 and became its leader in 2008, has since apologized for the group's violence during this so-called ""season of terror"".""A lot of things happened during the armed conflict that should not have happened,"" he said in a 2014 interview with the BBC.""We are still shocked, and shocked that things happened at our hands that should not have happened.Politicians who promised to stop corruption have engaged in corruption; those who promised to create a debt-free Sri Lanka have only worsened the debt burden; people who promised to strengthen the law have broken it.""",Positive
2024-09-23,Germany's chancellor Scholz escapes far-right win in home state - exit polls The chancellor's hopes of a second term are bolstered as his SPD is set to defeat the far right in Brandenburg.,https://www.bbc.com/news/articles/c24315lrv18o,"– Germany's chancellor appears to have narrowly dodged humiliation after exit polls suggested his party has held off the far right in his home state.Olaf Scholz's center-left Social Democratic Party (SPD) won Sunday's regional election in stronghold Brandenburg by just one or two percentage points, according to polls by the two main public broadcasters.Alternative for Germany (AfD) stood a chance of winning the state, which has been governed by the SPD since German reunification in 1990.But after voting ended at 18:00 (16:00 GMT), predictions put the SPD on 31 to 32% to the AfD's 29 to 30%. The election, on the outskirts of Berlin, was being watched closely after the AfD became the first far-right party to win a state election in Germany since World War II, in the eastern state of Thuringia, on 1 September.An AfD win in Sunday's election would have dealt a major blow to Scholz's hopes of a second term in Germany's federal elections next year.It would also have been embarrassing, given he lives in the state's capital, Potsdam.Scholz has faced plummeting opinion polls and infighting in his embattled coalition government.",Positive
2024-09-23,"Zelensky to present 'victory plan' to Biden, Harris and Trump Speaking as he headed to the US, the Ukrainian president says this autumn will determine the future of the war.",https://www.bbc.com/news/articles/c5y30244467o,"– Ukrainian President Volodymyr Zelensky is set to present what he has called his ""plan for victory"" to President Joe Biden during a visit to the US this week.After meeting Biden, Zelensky said he intended to present it to Congress and the two candidates in the US election—Vice-President Kamala Harris and former president Donald Trump.Trump has previously criticized US support for Ukraine and spoken highly of Russian President Vladimir Putin but said he will ""probably"" meet Zelensky.The Ukrainian president's visit to the US—where he is also due to attend the UN General Assembly— coincides with efforts from the White House to prepare a new $375m military aid package for Ukraine.Zelensky said in a post on X alongside his nightly video address, which he delivered from his plane.In a statement ahead of the visit, the Ukrainian leader previewed three elements to this victory plan.He listed further weapons donations for the military, diplomatic efforts to force Russia into peace, and to hold Moscow accountable for the full-scale invasion of his country in 2022.Ukraine has been pleading for months for the US, UK and other Western allies to ease restrictions on the use of long-range missiles so it can strike targets in Russia which Kyiv says are used to launch attacks.Earlier in September, Putin warned Western countries that he would consider long-range missile strikes as ""direct participation"" by the NATO military alliance in the war.Trump has previously flagged his own plan to end the war ""within 24 hours"" if he is elected in November, but has provided no details other than to label US support for Ukraine as a waste of money.",Negative
2024-09-23,Street battles in Bolivia as Evo Morales leads march to capital Supporters of Evo Morales have clashed with followers of his rival ahead of 2025 election,https://www.bbc.com/news/articles/cx24ed766lpo,"– Pro-government supporters and security forces in Bolivia have clashed with protesters loyal to the former President Evo Morales on Sunday. Rival groups hurled firecrackers, homemade explosives and stones at each other while police fired tear gas in the city of El Alto. Morales - who was president from 2006 to 2019 - has been leading thousands of supporters in a week-long march to the capital La Paz. He wants to run as the candidate for the ruling Mas party in the country's 2025 presidential elections.",Positive
2024-09-23,'We were surrounded by Russian troops - but escaped' A small group of Ukrainian soldiers found themselves encircled in the village of Komyshivka.,https://www.bbc.com/news/videos/cx2kw2r5r9jo,"– A group of Ukrainian soldiers who found themselves in this dangerous position told the BBC's Abdujalil Abdurasulov how they escaped from a Russian trap in the village of Komyshivka in eastern Ukraine. The BBC's Will Grant is at Joint Base Andrews in Maryland, as the US welcomes back three of its citizens after the Russia-West prisoner swap. Three US citizens who were being held in Russia arrive on US soil after biggest prisoner swap since the Cold War.",Negative
2024-09-23,Trump suggests he will not run again if he loses election For the second time in a week the Republican presidential candidate has acknowledged the prospect of defeat.,https://www.bbc.com/news/articles/czj9ekdvxx2o,"– Former President Donald Trump has said he does not expect to run for election again in 2028 if he is defeated in this November's US presidential poll. Trump, 78, has been the Republican candidate for three national elections in a row and has reshaped the party greatly over the last eight years. In an interview with Sinclair Media Group, he was asked if he could foresee another run in the event that he loses to Democratic Vice-President Kamala Harris. ""No, I don't. I think... that will be it,"" Trump said. ""I don't see that at all."" But he added that ""hopefully, we're going to be very successful."" US law bars presidents from serving more than two terms, and so Trump is not expected to run in 2028 if he wins, either. In the past, the real estate mogul has rarely acknowledged the possibility of losing the election, more often firing up supporters with speeches and social media posts pledging victory at the polls.But this is the second time in four days he has mentioned a chance of defeat. During an event held by the Israeli-American Council on Thursday, he brought up losing, and suggested that any such loss would partly be the fault of Jewish voters.",Negative
2024-09-23,"'I hate Trump, she likes him - we both think he staged assassination attempts' A pro-Trump wellness influencer and a suburban Democrat share a conspiracy theory - how did it spread so far?",https://www.bbc.com/news/articles/cvglm0rjy2go,"– ""I would admit to you that I spend too much time on social media now, and it, in my mind, is kind of a problem,"" she tells me.Wild Mother—who already follows QAnon, the unfounded conspiracy theory which claims Donald Trump is involved in a secret war against an elite cabal of Satan-worshipping paedophiles—wants to believe Trump's own team staged the attack in order to frame his supposed enemies in the ""Deep State.""Camille, however, says this is the first time she has ever used the word ""staged"" about an event in the news like this.Wild Mother—the online alias of a woman called Desirée—lives in the mountains of Colorado, where she posts videos to 80,000 followers about holistic wellness and bringing up her little girl.I traveled to Colorado—which became a hotbed of conspiracy theories about the 2020 election being stolen—for the BBC Radio 4 podcast Why Do You Hate Me? USA.Dozens of evidence-free posts I found suggesting both incidents were staged have racked up more than 30 million views on X.Camille, however, says this is the first time she has ever used the word ""staged"" about an event in the news like this.Wild Mother—who already follows QAnon, the unfounded conspiracy theory which claims Donald Trump is involved in a secret war against an elite cabal of Satan-worshipping paedophiles—wants to believe Trump's own team staged the attack in order to frame his supposed enemies in the ""Deep State.""The Deep State is claimed to be a shadowy coalition of security and intelligence services looking to thwart certain politicians.I traveled to Colorado—which became a hotbed of conspiracy theories about the 2020 election being stolen—for the BBC Radio 4 podcast Why Do You Hate Me? USA.",Negative
2024-09-23,Israel and Hezbollah urged to step back as UN warns of 'catastrophe',https://www.bbc.com/news/articles/c4gd393llg7o,"– Israel and Hezbollah both threatened to increase their cross-border attacks on Sunday, despite international appeals for them to step back from all-out war.Israel's military said about 150 rockets, missiles, and other projectiles were fired at its territory overnight on Saturday and early on Sunday—mostly from within Lebanon. Some reached further than previous strikes, sending thousands of Israelis to bomb shelters and damaging homes near the city of Haifa.Israel launched its own strikes on targets in southern Lebanon, which it said destroyed thousands of Hezbollah's rocket launchers.On Sunday, Prime Minister Benjamin Netanyahu said Israel would take ""whatever action is necessary to restore security"" and return people safely to their homes along the Israel-Lebanon border.He said Israel had dealt ""a series of blows on Hezbollah that it could have never imagined.""But the group's deputy leader Naim Qassem declared: ""Threats will not stop us... We are ready to face all military possibilities.""Speaking at the funeral of Ibrahim Aqil, a high-ranking Hezbollah commander killed in Israel's Friday strike on Lebanon's capital, Beirut, he said: ""We have entered a new phase, namely an open reckoning"" with Israel.Asked if he thought war would happen, he replied: ""I don't know, we will see.""Hezbollah is the most powerful political and military organization in Lebanon.About 1,200 people were killed and more than 250 taken hostage in the Hamas attacks on southern Israel, while 60,000 people in the north have been evacuated as a result of near-daily rocket attacks by Hezbollah since.",Negative
2024-09-23,Four members of one family killed in Italy house collapse,https://www.bbc.com/news/articles/c0r8zvdl5jvo,"– Four members of the same family, including two young children, have died in a gas explosion in southern Italy.Their two-story home in the town of Saviano, near Naples, partially collapsed in the blast, killing the siblings—a boy and a girl—as well as their mother and grandmother.The father and a newborn baby were recovered from the rubble alive, Italian firefighters said.He remains in hospital in Naples in serious condition, while the baby's injuries are not life-threatening, local media reported. The Vigili del Fuoco, Italy's fire service, reported that the parents and three children lived on one floor of the property, while another woman - said to be the grandmother - lived on the floor above.“Firefighters recovered the father and a newborn baby alive, entrusting them to the care of the health workers on site, while they could do nothing for the two children, a boy and a girl, whose bodies were unfortunately recovered lifeless,” The Vigili del Fuoco said in a statement.",Negative
